{
    "batch_size": 128,
    "best_valid_measure": 1.045833760666837e+16,
    "epoch": 8,
    "last_improvement": 4,
    "last_improvement_epoch": 4,
    "learning_rate": 0.001,
    "num_increases_bs": 0,
    "num_reductions_lr": 0,
    "steps": 136,
    "test_stats": {
        "combined": {
            "accuracy": [
                0.0,
                0.0,
                0.0,
                0.0,
                0.0,
                0.0,
                0.0,
                0.0
            ],
            "loss": [
                3.3192491941253336e+16,
                3.3192491941253336e+16,
                3.3192491941253336e+16,
                3.3192491941253336e+16,
                3.3192491941253336e+16,
                3.3192491941253336e+16,
                3.3192491941253336e+16,
                3.3192491941253336e+16
            ]
        },
        "revenue": {
            "error": [
                79430761.26315789,
                79430759.57894737,
                79430759.57894737,
                79430759.57894737,
                79430759.57894737,
                79430757.89473684,
                79430757.89473684,
                79430757.89473684
            ],
            "loss": [
                3.3192491941253336e+16,
                3.3192491941253336e+16,
                3.3192491941253336e+16,
                3.3192491941253336e+16,
                3.3192491941253336e+16,
                3.3192491941253336e+16,
                3.3192491941253336e+16,
                3.3192491941253336e+16
            ],
            "mean_absolute_error": [
                79430761.26315789,
                79430759.57894737,
                79430759.57894737,
                79430759.57894737,
                79430759.57894737,
                79430757.89473684,
                79430757.89473684,
                79430757.89473684
            ],
            "mean_squared_error": [
                3.3192491941253336e+16,
                3.3192491941253336e+16,
                3.3192491941253336e+16,
                3.3192491941253336e+16,
                3.3192491941253336e+16,
                3.3192491941253336e+16,
                3.3192491941253336e+16,
                3.3192491941253336e+16
            ],
            "r2": [
                -0.0021618994835175967,
                -0.0021618994835175967,
                -0.0021618994835175967,
                -0.0021618994835175967,
                -0.0021618994835175967,
                -0.0021618994835175967,
                -0.0021618994835175967,
                -0.0021618994835175967
            ]
        }
    },
    "train_stats": {
        "combined": {
            "accuracy": [
                0.0,
                0.0,
                0.0,
                0.0,
                0.0,
                0.0,
                0.0,
                0.0
            ],
            "loss": [
                2.2342840378574788e+16,
                2.234284031294014e+16,
                2.234284016526218e+16,
                2.234284016526218e+16,
                2.2342840033992884e+16,
                2.2342840033992884e+16,
                2.2342840033992884e+16,
                2.2342839968358236e+16
            ]
        },
        "revenue": {
            "error": [
                65383648.8252149,
                65383648.336198665,
                65383648.336198665,
                65383648.09169055,
                65383648.09169055,
                65383648.09169055,
                65383647.11365807,
                65383647.11365807
            ],
            "loss": [
                2.2342840378574788e+16,
                2.234284031294014e+16,
                2.234284016526218e+16,
                2.234284016526218e+16,
                2.2342840033992884e+16,
                2.2342840033992884e+16,
                2.2342840033992884e+16,
                2.2342839968358236e+16
            ],
            "mean_absolute_error": [
                65383648.8252149,
                65383648.336198665,
                65383648.336198665,
                65383648.09169055,
                65383648.09169055,
                65383648.09169055,
                65383647.11365807,
                65383647.11365807
            ],
            "mean_squared_error": [
                2.2342840378574788e+16,
                2.234284031294014e+16,
                2.234284016526218e+16,
                2.234284016526218e+16,
                2.2342840033992884e+16,
                2.2342840033992884e+16,
                2.2342840033992884e+16,
                2.2342839968358236e+16
            ],
            "r2": [
                -0.0021645989208531127,
                -0.0021645988639241304,
                -0.002164598750066165,
                -0.002164598750066165,
                -0.0021645986362082,
                -0.0021645986362082,
                -0.0021645986362082,
                -0.0021645985792792173
            ]
        }
    },
    "vali_stats": {
        "combined": {
            "accuracy": [
                0.0,
                0.0,
                0.0,
                0.0,
                0.0,
                0.0,
                0.0,
                0.0
            ],
            "loss": [
                1.0458337837270642e+16,
                1.0458337837270642e+16,
                1.0458337837270642e+16,
                1.045833760666837e+16,
                1.045833760666837e+16,
                1.045833760666837e+16,
                1.045833760666837e+16,
                1.045833760666837e+16
            ]
        },
        "revenue": {
            "error": [
                50235928.053691275,
                50235928.053691275,
                50235928.053691275,
                50235928.053691275,
                50235926.33557047,
                50235926.33557047,
                50235926.33557047,
                50235926.33557047
            ],
            "loss": [
                1.0458337837270642e+16,
                1.0458337837270642e+16,
                1.0458337837270642e+16,
                1.045833760666837e+16,
                1.045833760666837e+16,
                1.045833760666837e+16,
                1.045833760666837e+16,
                1.045833760666837e+16
            ],
            "mean_absolute_error": [
                50235928.053691275,
                50235928.053691275,
                50235928.053691275,
                50235928.053691275,
                50235926.33557047,
                50235926.33557047,
                50235926.33557047,
                50235926.33557047
            ],
            "mean_squared_error": [
                1.0458337837270642e+16,
                1.0458337837270642e+16,
                1.0458337837270642e+16,
                1.045833760666837e+16,
                1.045833760666837e+16,
                1.045833760666837e+16,
                1.045833760666837e+16,
                1.045833760666837e+16
            ],
            "r2": [
                -0.0033702498314364645,
                -0.0033702498314364645,
                -0.0033702498314364645,
                -0.0033702498314364645,
                -0.0033702494314052913,
                -0.0033702494314052913,
                -0.0033702494314052913,
                -0.0033702494314052913
            ]
        }
    }
}